GENERATION,FITNESS MAX,FITNESS MIN,MEAN,STD
1, 1984.126984, 69.247282, 1796.084567, 347.351764
2, 1984.126984, 1092.896175, 1847.960141, 264.903690
3, 1984.126984, 858.369099, 1859.451373, 262.920524
4, 1984.126984, 1075.268817, 1803.442788, 283.935426
5, 1984.126984, 449.842555, 1814.320898, 324.988377
6, 1984.126984, 832.639467, 1701.669133, 363.183212
